video_id,parent_video_id,title,channel,topic,published_date,ingested_date,word_count,chunk,total_chunks,file_path
d8d9EZHU7fw,,Securing AI Agents with Zero Trust,IBM Technology,ai-llms,2026-02-10,2026-03-02,2549,,,topics/ai-llms/IBM Technology/2026-02-10_securing-ai-agents-with-zero-trust.md
pAIF7vZm5k0,,Agent memory resolved?,AI Jason,ai-llms,2026-02-18,2026-02-28,3089,,,topics/ai-llms/AI Jason/2026-02-18_agent-memory-resolved.md
kcOowmrVI7k,,How to prompt Gemini 3.1 for Epic animations,AI Jason,ai-llms,2026-02-25,2026-03-02,1008,,,topics/ai-llms/AI Jason/2026-02-25_how-to-prompt-gemini-31-for-epic-animations.md
fG95XsBO5U4,,Why MCP is dead & How I vibe now,AI Jason,ai-llms,2026-01-31,2026-01-31,2094,,,topics/ai-llms/AI Jason/2026-01-31_why-mcp-is-dead-how-i-vibe-now.md
3wglqgskzjQ,,Anthropic killed Tool calling,AI Jason,ai-llms,2026-02-22,2026-03-02,2834,,,topics/ai-llms/AI Jason/2026-02-22_anthropic-killed-tool-calling.md
u2xcbJNhZIY,,The Exact Claude Setup That Writes My Documents Automatically,Dylan Davis,ai-llms,2026-01-20,2026-03-02,4398,,,topics/ai-llms/Dylan Davis/2026-01-20_the-exact-claude-setup-that-writes-my-documents-automatically.md
NjjEkmP2C8k,,"Don’t Outsource Your Thinking"" to your Agent",Prompt Engineering,ai-llms,2026-01-31,2026-01-31,1871,,,topics/ai-llms/Prompt Engineering/2026-01-31_dont-outsource-your-thinking-to-your-agent.md
8dVCSPXG6Mw,,Anthropic Just Killed Tool Calling,Prompt Engineering,ai-llms,2026-02-18,2026-03-02,1963,,,topics/ai-llms/Prompt Engineering/2026-02-18_anthropic-just-killed-tool-calling.md
WKpCrvwyXB8,,How to Transplant Your ChatGPT Brain into Claude (AI Memory Transfer),Eliot Prince,ai-llms,2026-02-13,2026-03-02,2213,,,topics/ai-llms/Eliot Prince/2026-02-13_how-to-transplant-your-chatgpt-brain-into-claude-ai-memory-transfer.md
TlC7jq4ooSM,,"Stop Prompting, Start Engineering: The ""Context as Code"" Shift",AI Native Dev,ai-llms,2026-02-25,2026-03-02,5855,,,topics/ai-llms/AI Native Dev/2026-02-25_stop-prompting-start-engineering-the-context-as-code-shift.md
7xTGNNLPyMI,7xTGNNLPyMI,Deep Dive into LLMs like ChatGPT,Andrej Karpathy,ai-llms,2025-02-05,2026-03-02,3997,1,11,topics/ai-llms/Andrej Karpathy/2025-02-05_deep-dive-into-llms-like-chatgpt_part-01.md
7xTGNNLPyMI,7xTGNNLPyMI,Deep Dive into LLMs like ChatGPT,Andrej Karpathy,ai-llms,2025-02-05,2026-03-02,2500,11,11,topics/ai-llms/Andrej Karpathy/2025-02-05_deep-dive-into-llms-like-chatgpt_part-11.md
7xTGNNLPyMI,7xTGNNLPyMI,Deep Dive into LLMs like ChatGPT,Andrej Karpathy,ai-llms,2025-02-05,2026-03-02,3993,10,11,topics/ai-llms/Andrej Karpathy/2025-02-05_deep-dive-into-llms-like-chatgpt_part-10.md
7xTGNNLPyMI,7xTGNNLPyMI,Deep Dive into LLMs like ChatGPT,Andrej Karpathy,ai-llms,2025-02-05,2026-03-02,4000,7,11,topics/ai-llms/Andrej Karpathy/2025-02-05_deep-dive-into-llms-like-chatgpt_part-07.md
7xTGNNLPyMI,7xTGNNLPyMI,Deep Dive into LLMs like ChatGPT,Andrej Karpathy,ai-llms,2025-02-05,2026-03-02,3990,8,11,topics/ai-llms/Andrej Karpathy/2025-02-05_deep-dive-into-llms-like-chatgpt_part-08.md
zjkBMFhNj_g,zjkBMFhNj_g,[1hr Talk] Intro to Large Language Models,Andrej Karpathy,ai-llms,2023-11-23,2026-03-02,4000,3,4,topics/ai-llms/Andrej Karpathy/2023-11-23_1hr-talk-intro-to-large-language-models_part-03.md
7xTGNNLPyMI,7xTGNNLPyMI,Deep Dive into LLMs like ChatGPT,Andrej Karpathy,ai-llms,2025-02-05,2026-03-02,4000,4,11,topics/ai-llms/Andrej Karpathy/2025-02-05_deep-dive-into-llms-like-chatgpt_part-04.md
zjkBMFhNj_g,zjkBMFhNj_g,[1hr Talk] Intro to Large Language Models,Andrej Karpathy,ai-llms,2023-11-23,2026-03-02,494,4,4,topics/ai-llms/Andrej Karpathy/2023-11-23_1hr-talk-intro-to-large-language-models_part-04.md
7xTGNNLPyMI,7xTGNNLPyMI,Deep Dive into LLMs like ChatGPT,Andrej Karpathy,ai-llms,2025-02-05,2026-03-02,3996,2,11,topics/ai-llms/Andrej Karpathy/2025-02-05_deep-dive-into-llms-like-chatgpt_part-02.md
7xTGNNLPyMI,7xTGNNLPyMI,Deep Dive into LLMs like ChatGPT,Andrej Karpathy,ai-llms,2025-02-05,2026-03-02,3995,3,11,topics/ai-llms/Andrej Karpathy/2025-02-05_deep-dive-into-llms-like-chatgpt_part-03.md
7xTGNNLPyMI,7xTGNNLPyMI,Deep Dive into LLMs like ChatGPT,Andrej Karpathy,ai-llms,2025-02-05,2026-03-02,3994,9,11,topics/ai-llms/Andrej Karpathy/2025-02-05_deep-dive-into-llms-like-chatgpt_part-09.md
7xTGNNLPyMI,7xTGNNLPyMI,Deep Dive into LLMs like ChatGPT,Andrej Karpathy,ai-llms,2025-02-05,2026-03-02,3999,5,11,topics/ai-llms/Andrej Karpathy/2025-02-05_deep-dive-into-llms-like-chatgpt_part-05.md
7xTGNNLPyMI,7xTGNNLPyMI,Deep Dive into LLMs like ChatGPT,Andrej Karpathy,ai-llms,2025-02-05,2026-03-02,3994,6,11,topics/ai-llms/Andrej Karpathy/2025-02-05_deep-dive-into-llms-like-chatgpt_part-06.md
zjkBMFhNj_g,zjkBMFhNj_g,[1hr Talk] Intro to Large Language Models,Andrej Karpathy,ai-llms,2023-11-23,2026-03-02,3998,2,4,topics/ai-llms/Andrej Karpathy/2023-11-23_1hr-talk-intro-to-large-language-models_part-02.md
zjkBMFhNj_g,zjkBMFhNj_g,[1hr Talk] Intro to Large Language Models,Andrej Karpathy,ai-llms,2023-11-23,2026-03-02,3993,1,4,topics/ai-llms/Andrej Karpathy/2023-11-23_1hr-talk-intro-to-large-language-models_part-01.md
qnVyY0zicF0,,Stop Paying for AI Transcription Services,Yvar Birx,ai-llms,2026-02-15,2026-03-02,740,,,topics/ai-llms/Yvar Birx/2026-02-15_stop-paying-for-ai-transcription-services.md
sOPhVSeimtI,,THIS is how to expose your apps to AI: WebMCP,Syntax,ai-llms,2026-02-16,2026-03-02,3414,,,topics/ai-llms/Syntax/2026-02-16_this-is-how-to-expose-your-apps-to-ai-webmcp.md
G0sEM9ijkTE,,You Should Be Using Tailscale,Syntax,ai-llms,2026-02-05,2026-03-02,5471,,,topics/ai-llms/Syntax/2026-02-05_you-should-be-using-tailscale.md
3bGdg9hTvws,3bGdg9hTvws,Claude Code Just Built Me My Own NotebookLM (and made it way better),Mark Kashef,ai-llms,2026-01-15,2026-03-02,838,3,3,topics/ai-llms/Mark Kashef/2026-01-15_claude-code-just-built-me-my-own-notebooklm-and-made-it-way-better_part-03.md
3bGdg9hTvws,3bGdg9hTvws,Claude Code Just Built Me My Own NotebookLM (and made it way better),Mark Kashef,ai-llms,2026-01-15,2026-03-02,3995,2,3,topics/ai-llms/Mark Kashef/2026-01-15_claude-code-just-built-me-my-own-notebooklm-and-made-it-way-better_part-02.md
3bGdg9hTvws,3bGdg9hTvws,Claude Code Just Built Me My Own NotebookLM (and made it way better),Mark Kashef,ai-llms,2026-01-15,2026-03-02,3994,1,3,topics/ai-llms/Mark Kashef/2026-01-15_claude-code-just-built-me-my-own-notebooklm-and-made-it-way-better_part-01.md
M02kXnomB2U,,A Conversation with Jiquan Ngiam About Agent + MCP Security,Unsupervised Learning,ai-llms,2026-02-05,2026-03-02,6174,,,topics/ai-llms/Unsupervised Learning/2026-02-05_a-conversation-with-jiquan-ngiam-about-agent-mcp-security.md
Sr1STQP0cds,,This Startup Is Trying To Solve The AI Memory Problem,YC Root Access,ai-llms,2026-01-31,2026-01-31,3840,,,topics/ai-llms/YC Root Access/2026-01-31_this-startup-is-trying-to-solve-the-ai-memory-problem.md
y3xzYwxQuHc,,Anthropic Just Dropped Remote Control for Claude Code,Ray Amjad,ai-llms,2026-02-25,2026-02-25,2352,,,topics/ai-llms/Ray Amjad/2026-02-25_anthropic-just-dropped-remote-control-for-claude-code.md
F_frSYyhzOE,,Anthropic Just Dropped 17 New Claude Code Features,Ray Amjad,ai-llms,2026-02-21,2026-03-02,3924,,,topics/ai-llms/Ray Amjad/2026-02-21_anthropic-just-dropped-17-new-claude-code-features.md
y3xzYwxQuHc,,Anthropic Just Dropped the Feature Everyone Asked For,Ray Amjad,ai-llms,2026-02-25,2026-03-02,2352,,,topics/ai-llms/Ray Amjad/2026-02-25_anthropic-just-dropped-the-feature-everyone-asked-for.md
6omInQipcag,,Claude Code's New Task System Explained,Ray Amjad,ai-llms,2026-01-31,2026-01-31,2545,,,topics/ai-llms/Ray Amjad/2026-01-31_claude-codes-new-task-system-explained.md
F_frSYyhzOE,,Claude Code Just Got a Major Upgrade | Here's What Changed,Ray Amjad,ai-llms,2026-02-21,2026-02-22,3924,,,topics/ai-llms/Ray Amjad/2026-02-21_claude-code-just-got-a-major-upgrade-heres-what-changed.md
OzeJsrhh4k0,,Why a Doomsday AI Blog Wiped Out $300 Billion | Prof G Markets,The Prof G Pod – Scott Galloway,ai-llms,2026-02-25,2026-03-02,5491,,,topics/ai-llms/The Prof G Pod – Scott Galloway/2026-02-25_why-a-doomsday-ai-blog-wiped-out-300-billion-prof-g-markets.md
QWzLPn164w0,,Prompt Engineering Is Dead. Context Engineering Is Dying. What Comes Next Changes Everything.,AI News & Strategy Daily | Nate B Jones,ai-llms,2026-02-24,2026-03-02,4819,,,topics/ai-llms/AI News & Strategy Daily | Nate B Jones/2026-02-24_prompt-engineering-is-dead-context-engineering-is-dying-what-comes-next-changes.md
p9acrso71KU,,Clawdbot to Moltbot to OpenClaw: The 72 Hours That Broke Everything (The Full Breakdown),AI News & Strategy Daily | Nate B Jones,ai-llms,2026-02-02,2026-03-06,3968,,,topics/ai-llms/AI News & Strategy Daily | Nate B Jones/2026-02-02_clawdbot-to-moltbot-to-openclaw-the-72-hours-that-broke-everything-the-full-brea.md
Q8wVMdwhlh4,,The AI Agent Economy Is Here,Y Combinator,ai-llms,2026-02-21,2026-03-02,4940,,,topics/ai-llms/Y Combinator/2026-02-21_the-ai-agent-economy-is-here.md
jsI18Htgf8k,,How I Turned Claude Code Into My Dev Team,Kenny Liao,ai-llms,2026-02-09,2026-03-02,3466,,,topics/ai-llms/Kenny Liao/2026-02-09_how-i-turned-claude-code-into-my-dev-team.md
jsI18Htgf8k,,My 'Ship Daily' System with Claude Code & Linear,Kenny Liao,ai-llms,2026-02-09,2026-02-10,3466,,,topics/ai-llms/Kenny Liao/2026-02-09_my-ship-daily-system-with-claude-code-linear.md
I1NdVZ6l5CQ,,Claude Code & Cowork Now Run 24/7 — Scheduled Tasks,Kenny Liao,ai-llms,2026-02-28,2026-03-02,3247,,,topics/ai-llms/Kenny Liao/2026-02-28_claude-code-cowork-now-run-247-scheduled-tasks.md
yANt4NysZw4,,Claude Code Creator Reveals Anthropic MASTERCLASS,George Ai,ai-llms,2026-02-02,2026-03-02,1678,,,topics/ai-llms/George Ai/2026-02-02_claude-code-creator-reveals-anthropic-masterclass.md
We7BZVKbCVw,We7BZVKbCVw,Head of Claude Code: What happens after coding is solved | Boris Cherny,Lenny's Podcast,ai-llms,2026-02-19,2026-03-02,1027,6,6,topics/ai-llms/Lenny's Podcast/2026-02-19_head-of-claude-code-what-happens-after-coding-is-solved-boris-cherny_part-06.md
We7BZVKbCVw,We7BZVKbCVw,Head of Claude Code: What happens after coding is solved | Boris Cherny,Lenny's Podcast,ai-llms,2026-02-19,2026-03-02,3997,3,6,topics/ai-llms/Lenny's Podcast/2026-02-19_head-of-claude-code-what-happens-after-coding-is-solved-boris-cherny_part-03.md
We7BZVKbCVw,We7BZVKbCVw,Head of Claude Code: What happens after coding is solved | Boris Cherny,Lenny's Podcast,ai-llms,2026-02-19,2026-03-02,3997,1,6,topics/ai-llms/Lenny's Podcast/2026-02-19_head-of-claude-code-what-happens-after-coding-is-solved-boris-cherny_part-01.md
We7BZVKbCVw,We7BZVKbCVw,Head of Claude Code: What happens after coding is solved | Boris Cherny,Lenny's Podcast,ai-llms,2026-02-19,2026-03-02,3992,4,6,topics/ai-llms/Lenny's Podcast/2026-02-19_head-of-claude-code-what-happens-after-coding-is-solved-boris-cherny_part-04.md
We7BZVKbCVw,We7BZVKbCVw,Head of Claude Code: What happens after coding is solved | Boris Cherny,Lenny's Podcast,ai-llms,2026-02-19,2026-03-02,3992,5,6,topics/ai-llms/Lenny's Podcast/2026-02-19_head-of-claude-code-what-happens-after-coding-is-solved-boris-cherny_part-05.md
We7BZVKbCVw,We7BZVKbCVw,Head of Claude Code: What happens after coding is solved | Boris Cherny,Lenny's Podcast,ai-llms,2026-02-19,2026-03-02,3997,2,6,topics/ai-llms/Lenny's Podcast/2026-02-19_head-of-claude-code-what-happens-after-coding-is-solved-boris-cherny_part-02.md
x9rWFiIubmc,x9rWFiIubmc,"Claude Code for Finance + The Global Memory Shortage: Doug O'Laughlin, SemiAnalysis",Latent Space,ai-llms,2026-02-24,2026-03-02,3995,3,8,topics/ai-llms/Latent Space/2026-02-24_claude-code-for-finance-the-global-memory-shortage-doug-olaughlin-semianalysis_part-03.md
x9rWFiIubmc,x9rWFiIubmc,"Claude Code for Finance + The Global Memory Shortage: Doug O'Laughlin, SemiAnalysis",Latent Space,ai-llms,2026-02-24,2026-03-02,3377,8,8,topics/ai-llms/Latent Space/2026-02-24_claude-code-for-finance-the-global-memory-shortage-doug-olaughlin-semianalysis_part-08.md
x9rWFiIubmc,x9rWFiIubmc,"Claude Code for Finance + The Global Memory Shortage: Doug O'Laughlin, SemiAnalysis",Latent Space,ai-llms,2026-02-24,2026-03-02,3994,7,8,topics/ai-llms/Latent Space/2026-02-24_claude-code-for-finance-the-global-memory-shortage-doug-olaughlin-semianalysis_part-07.md
x9rWFiIubmc,x9rWFiIubmc,"Claude Code for Finance + The Global Memory Shortage: Doug O'Laughlin, SemiAnalysis",Latent Space,ai-llms,2026-02-24,2026-03-02,3994,4,8,topics/ai-llms/Latent Space/2026-02-24_claude-code-for-finance-the-global-memory-shortage-doug-olaughlin-semianalysis_part-04.md
x9rWFiIubmc,x9rWFiIubmc,"Claude Code for Finance + The Global Memory Shortage: Doug O'Laughlin, SemiAnalysis",Latent Space,ai-llms,2026-02-24,2026-03-02,3993,1,8,topics/ai-llms/Latent Space/2026-02-24_claude-code-for-finance-the-global-memory-shortage-doug-olaughlin-semianalysis_part-01.md
x9rWFiIubmc,x9rWFiIubmc,"Claude Code for Finance + The Global Memory Shortage: Doug O'Laughlin, SemiAnalysis",Latent Space,ai-llms,2026-02-24,2026-03-02,4000,6,8,topics/ai-llms/Latent Space/2026-02-24_claude-code-for-finance-the-global-memory-shortage-doug-olaughlin-semianalysis_part-06.md
x9rWFiIubmc,x9rWFiIubmc,"Claude Code for Finance + The Global Memory Shortage: Doug O'Laughlin, SemiAnalysis",Latent Space,ai-llms,2026-02-24,2026-03-02,3994,5,8,topics/ai-llms/Latent Space/2026-02-24_claude-code-for-finance-the-global-memory-shortage-doug-olaughlin-semianalysis_part-05.md
x9rWFiIubmc,x9rWFiIubmc,"Claude Code for Finance + The Global Memory Shortage: Doug O'Laughlin, SemiAnalysis",Latent Space,ai-llms,2026-02-24,2026-03-02,3993,2,8,topics/ai-llms/Latent Space/2026-02-24_claude-code-for-finance-the-global-memory-shortage-doug-olaughlin-semianalysis_part-02.md
CQeKmG1o85E,,Stop Using Claude Code Without This Tool,Leon van Zyl,ai-llms,2026-02-23,2026-03-02,3012,,,topics/ai-llms/Leon van Zyl/2026-02-23_stop-using-claude-code-without-this-tool.md
CQeKmG1o85E,,Claude Code vs n8n? Why You Actually Need BOTH!,Leon van Zyl,ai-llms,2026-02-23,2026-02-24,3012,,,topics/ai-llms/Leon van Zyl/2026-02-23_claude-code-vs-n8n-why-you-actually-need-both.md
VTKPbxhP8jE,,Cathie Wood's Big Ideas 2026 Recap,ARK Invest,ai-llms,2026-01-23,2026-03-02,3613,,,topics/ai-llms/ARK Invest/2026-01-23_cathie-woods-big-ideas-2026-recap.md
yANt4NysZw4,,Claude Code Creator Reveals Anthropic MASTERCLASS,Crypto Ben,ai-llms,2026-02-02,2026-02-04,1678,,,topics/ai-llms/Crypto Ben/2026-02-02_claude-code-creator-reveals-anthropic-masterclass.md
EKv42s8YnOM,EKv42s8YnOM,CISL Seminar – Boyuan (Keven) Guan (Florida International University),NSF NCAR Computational and Information Systems Lab,ai-llms,2026-02-02,2026-03-02,236,3,3,topics/ai-llms/NSF NCAR Computational and Information Systems Lab/2026-02-02_cisl-seminar-boyuan-keven-guan-florida-international-university_part-03.md
EKv42s8YnOM,EKv42s8YnOM,CISL Seminar – Boyuan (Keven) Guan (Florida International University),NSF NCAR Computational and Information Systems Lab,ai-llms,2026-02-02,2026-03-02,3999,2,3,topics/ai-llms/NSF NCAR Computational and Information Systems Lab/2026-02-02_cisl-seminar-boyuan-keven-guan-florida-international-university_part-02.md
EKv42s8YnOM,EKv42s8YnOM,CISL Seminar – Boyuan (Keven) Guan (Florida International University),NSF NCAR Computational and Information Systems Lab,ai-llms,2026-02-02,2026-03-02,3998,1,3,topics/ai-llms/NSF NCAR Computational and Information Systems Lab/2026-02-02_cisl-seminar-boyuan-keven-guan-florida-international-university_part-01.md
sTdz6PZoAnw,sTdz6PZoAnw,Lecture 7: Agentic Coding,Missing Semester,ai-llms,2026-02-19,2026-03-02,3971,2,3,topics/ai-llms/Missing Semester/2026-02-19_lecture-7-agentic-coding_part-02.md
sTdz6PZoAnw,sTdz6PZoAnw,Lecture 7: Agentic Coding,Missing Semester,ai-llms,2026-02-19,2026-03-02,3437,3,3,topics/ai-llms/Missing Semester/2026-02-19_lecture-7-agentic-coding_part-03.md
sTdz6PZoAnw,sTdz6PZoAnw,Lecture 7: Agentic Coding,Missing Semester,ai-llms,2026-02-19,2026-03-02,3998,1,3,topics/ai-llms/Missing Semester/2026-02-19_lecture-7-agentic-coding_part-01.md
9tmsq-Gvx6g,,Never Run claude /init,Matt Pocock,ai-llms,2026-02-24,2026-03-02,2401,,,topics/ai-llms/Matt Pocock/2026-02-24_never-run-claude-init.md
XpxDwVt3OFw,,2-Step Google Stitch System For Great App UX,Sean Kochel,ai-llms,2026-02-23,2026-02-24,2594,,,topics/ai-llms/Sean Kochel/2026-02-23_2-step-google-stitch-system-for-great-app-ux.md
XpxDwVt3OFw,,I Found the Fastest Way to Get Great App UX,Sean Kochel,ai-llms,2026-02-23,2026-03-02,2594,,,topics/ai-llms/Sean Kochel/2026-02-23_i-found-the-fastest-way-to-get-great-app-ux.md
pvCabUerwss,,How to Build a RAG System That Actually Works,Better Stack,ai-llms,2026-01-31,2026-01-31,2331,,,topics/ai-llms/Better Stack/2026-01-31_how-to-build-a-rag-system-that-actually-works.md
XVAhQ-EcrWA,,I Can't Believe Anthropic Messed Up The Ralph Wiggum,Better Stack,ai-llms,2026-01-31,2026-01-31,1790,,,topics/ai-llms/Better Stack/2026-01-31_i-cant-believe-anthropic-messed-up-the-ralph-wiggum.md
eRu5kIYAAz8,,Claude Code's HIDDEN Agent Swarm (Better Than Kimi K2.5?),Better Stack,ai-llms,2026-01-30,2026-03-12,1363,,,topics/ai-llms/Better Stack/2026-01-30_claude-codes-hidden-agent-swarm-better-than-kimi-k25.md
8_7Sq6Vu0S4,,Stop Telling Claude Code What To Do,TÂCHES TEACHES,ai-llms,2025-11-13,2026-02-02,5441,,,topics/ai-llms/TÂCHES TEACHES/2025-11-13_stop-telling-claude-code-what-to-do.md
MSyWjPDrHJw,,I Didn't Expect This To Work So Well,AI LABS,ai-llms,2026-02-09,2026-02-09,1922,,,topics/ai-llms/AI LABS/2026-02-09_i-didnt-expect-this-to-work-so-well.md
MSyWjPDrHJw,,The Correct Way to Use Claude Code Teams,AI LABS,ai-llms,2026-02-09,2026-03-02,1922,,,topics/ai-llms/AI LABS/2026-02-09_the-correct-way-to-use-claude-code-teams.md
MSyWjPDrHJw,,How I Use The New Claude Code Subagnets,AI LABS,ai-llms,2026-02-09,2026-02-12,1922,,,topics/ai-llms/AI LABS/2026-02-09_how-i-use-the-new-claude-code-subagnets.md
MSyWjPDrHJw,,Claude's Feature So Good That They Kept It Hidden,AI LABS,ai-llms,2026-02-09,2026-02-09,1918,,,topics/ai-llms/AI LABS/2026-02-09_claudes-feature-so-good-that-they-kept-it-hidden.md
eFCHwtufjJc,,How To Use NotebookLM - 7 Crazy Ways,AI LABS,ai-llms,2026-02-13,2026-03-02,2393,,,topics/ai-llms/AI LABS/2026-02-13_how-to-use-notebooklm---7-crazy-ways.md
MSyWjPDrHJw,,Your AI Is Only Using a Fraction of Its Power,AI LABS,ai-llms,2026-02-09,2026-02-09,1922,,,topics/ai-llms/AI LABS/2026-02-09_your-ai-is-only-using-a-fraction-of-its-power.md
MSyWjPDrHJw,,No More Delay... Upgrade Your Claude Code Workflow,AI LABS,ai-llms,2026-02-09,2026-02-10,1922,,,topics/ai-llms/AI LABS/2026-02-09_no-more-delay-upgrade-your-claude-code-workflow.md
MSyWjPDrHJw,,How I Use The New Claude Code Agent Teams,AI LABS,ai-llms,2026-02-09,2026-02-13,1922,,,topics/ai-llms/AI LABS/2026-02-09_how-i-use-the-new-claude-code-agent-teams.md
66oOi9OLMCw,,Why the 60-30-10 Rule is RUINING Your UI Designs,Kole Jain,ai-llms,2026-01-08,2026-03-02,1358,,,topics/ai-llms/Kole Jain/2026-01-08_why-the-60-30-10-rule-is-ruining-your-ui-designs.md
rcRS8-7OgBo,,Claude Code Skills & skills.sh - Crash Course,Alejandro AO and HuggingFace,ai-llms,2026-01-31,2026-01-31,4071,,,topics/ai-llms/Alejandro AO and HuggingFace/2026-01-31_claude-code-skills-skillssh---crash-course.md
5dTjU2BPPis,,Keep Using Your Local Claude Code Session from Any Device | Huge Unlock!,JeredBlu,ai-llms,2026-01-28,2026-03-02,2118,,,topics/ai-llms/JeredBlu/2026-01-28_keep-using-your-local-claude-code-session-from-any-device-huge-unlock.md
Sg74Di2Yc88,,"Claude Can Now Do ""OpenClaw"" Natively (Remote Control + Tasks)",JeredBlu,ai-llms,2026-02-27,2026-03-02,2153,,,topics/ai-llms/JeredBlu/2026-02-27_claude-can-now-do-openclaw-natively-remote-control-tasks.md
bzWI3Dil9Ig,,My Multi-Agent Team with OpenClaw,Brian Casel,ai-llms,2026-02-16,2026-03-02,3023,,,topics/ai-llms/Brian Casel/2026-02-16_my-multi-agent-team-with-openclaw.md
9pIMaCbPc0Q,,Build your own marketing tools with Claude Code,Brian Casel,ai-llms,2026-02-03,2026-03-02,4494,,,topics/ai-llms/Brian Casel/2026-02-03_build-your-own-marketing-tools-with-claude-code.md
xgPWCuqLoek,xgPWCuqLoek,"The Complete Agentic RAG Build: 8 Modules, 2+ Hours, Full Stack",The AI Automators,ai-llms,2026-01-28,2026-03-02,3992,1,7,topics/ai-llms/The AI Automators/2026-01-28_the-complete-agentic-rag-build-8-modules-2-hours-full-stack_part-01.md
xgPWCuqLoek,xgPWCuqLoek,"The Complete Agentic RAG Build: 8 Modules, 2+ Hours, Full Stack",The AI Automators,ai-llms,2026-01-28,2026-03-02,3727,7,7,topics/ai-llms/The AI Automators/2026-01-28_the-complete-agentic-rag-build-8-modules-2-hours-full-stack_part-07.md
xgPWCuqLoek,xgPWCuqLoek,"The Complete Agentic RAG Build: 8 Modules, 2+ Hours, Full Stack",The AI Automators,ai-llms,2026-01-28,2026-03-02,3997,2,7,topics/ai-llms/The AI Automators/2026-01-28_the-complete-agentic-rag-build-8-modules-2-hours-full-stack_part-02.md
xgPWCuqLoek,xgPWCuqLoek,"The Complete Agentic RAG Build: 8 Modules, 2+ Hours, Full Stack",The AI Automators,ai-llms,2026-01-28,2026-03-02,3996,4,7,topics/ai-llms/The AI Automators/2026-01-28_the-complete-agentic-rag-build-8-modules-2-hours-full-stack_part-04.md
xgPWCuqLoek,xgPWCuqLoek,"The Complete Agentic RAG Build: 8 Modules, 2+ Hours, Full Stack",The AI Automators,ai-llms,2026-01-28,2026-03-02,3994,3,7,topics/ai-llms/The AI Automators/2026-01-28_the-complete-agentic-rag-build-8-modules-2-hours-full-stack_part-03.md
xgPWCuqLoek,xgPWCuqLoek,"The Complete Agentic RAG Build: 8 Modules, 2+ Hours, Full Stack",The AI Automators,ai-llms,2026-01-28,2026-03-02,3997,5,7,topics/ai-llms/The AI Automators/2026-01-28_the-complete-agentic-rag-build-8-modules-2-hours-full-stack_part-05.md
xgPWCuqLoek,xgPWCuqLoek,"The Complete Agentic RAG Build: 8 Modules, 2+ Hours, Full Stack",The AI Automators,ai-llms,2026-01-28,2026-03-02,3995,6,7,topics/ai-llms/The AI Automators/2026-01-28_the-complete-agentic-rag-build-8-modules-2-hours-full-stack_part-06.md
qyomWr_C_jA,,The Easy Way to Design Top Tier Websites,Sajid,ai-llms,2024-07-10,2026-03-02,2064,,,topics/ai-llms/Sajid/2024-07-10_the-easy-way-to-design-top-tier-websites.md
5QZxWmDl_tc,,Meet Sidecar: You might never open Cursor again,Marcus Vorwaller,ai-llms,2026-02-07,2026-03-02,1738,,,topics/ai-llms/Marcus Vorwaller/2026-02-07_meet-sidecar-you-might-never-open-cursor-again.md
HcLz3ikw-n0,HcLz3ikw-n0,Designer's toolkit for Claude Code,Dive Club 🤿,ai-llms,2026-01-07,2026-03-02,1081,3,3,topics/ai-llms/Dive Club 🤿/2026-01-07_designers-toolkit-for-claude-code_part-03.md
HcLz3ikw-n0,HcLz3ikw-n0,Designer's toolkit for Claude Code,Dive Club 🤿,ai-llms,2026-01-07,2026-03-02,3996,1,3,topics/ai-llms/Dive Club 🤿/2026-01-07_designers-toolkit-for-claude-code_part-01.md
HcLz3ikw-n0,HcLz3ikw-n0,Designer's toolkit for Claude Code,Dive Club 🤿,ai-llms,2026-01-07,2026-03-02,4000,2,3,topics/ai-llms/Dive Club 🤿/2026-01-07_designers-toolkit-for-claude-code_part-02.md
-xHprsdG4ME,,The Secret Poison Killing Your Claude Code Performance,Chase AI,ai-llms,2026-01-31,2026-01-31,2497,,,topics/ai-llms/Chase AI/2026-01-31_the-secret-poison-killing-your-claude-code-performance.md
AaO6ujcx6TY,,Stealing $10K Website Designs with Claude Code,Chase AI,ai-llms,2026-02-05,2026-03-02,3552,,,topics/ai-llms/Chase AI/2026-02-05_stealing-10k-website-designs-with-claude-code.md
4N_TfYVNM7k,,Claude Code is Taking Video Editor Jobs Now (Remotion Skills),Chase AI,ai-llms,2026-01-31,2026-01-31,2563,,,topics/ai-llms/Chase AI/2026-01-31_claude-code-is-taking-video-editor-jobs-now-remotion-skills.md
o3gmwzo-Mik,,"AI changes *Nothing* — Dax Raad, OpenCode",AI Engineer,ai-llms,2025-11-23,2026-03-02,3562,,,topics/ai-llms/AI Engineer/2025-11-23_ai-changes-nothing-dax-raad-opencode.md
Bme9f5oKK3E,,10 Claude Code Tips for Non-Developers (No Terminal Needed),10x Builder,ai-llms,2026-02-19,2026-03-02,5000,,,topics/ai-llms/10x Builder/2026-02-19_10-claude-code-tips-for-non-developers-no-terminal-needed.md
Vo9VUnzYqpw,,How I Get Unlimited Leads Using Claude Code (For Cold Email),Taylor Haren,ai-llms,2026-02-02,2026-03-02,4322,,,topics/ai-llms/Taylor Haren/2026-02-02_how-i-get-unlimited-leads-using-claude-code-for-cold-email.md
LvLdNkgO-N0,LvLdNkgO-N0,"The senior engineer's guide to AI coding: Context loading, custom hooks, and automation",How I AI,ai-llms,2026-01-31,2026-01-31,4000,2,3,topics/ai-llms/How I AI/2026-01-31_the-senior-engineers-guide-to-ai-coding-context-loading-custom-hooks-and-automat_part-02.md
96Vl8s3EQhk,96Vl8s3EQhk,"5 OpenClaw agents run my home, finances, and code | Jesse Genet",How I AI,ai-llms,2026-02-25,2026-03-02,3996,2,3,topics/ai-llms/How I AI/2026-02-25_5-openclaw-agents-run-my-home-finances-and-code-jesse-genet_part-02.md
Yb9IyTOh0xg,Yb9IyTOh0xg,“Anyone can cook”: How v0 is bringing git workflows to vibe-coding | Guillermo Rauch (Vercel CEO),How I AI,ai-llms,2026-02-04,2026-02-04,4000,1,3,topics/ai-llms/How I AI/2026-02-04_anyone-can-cook-how-v0-is-bringing-git-workflows-to-vibe-coding-guillermo-rauch_part-01.md
Yb9IyTOh0xg,Yb9IyTOh0xg,“Anyone can cook”: How v0 is bringing git workflows to vibe-coding | Guillermo Rauch (Vercel CEO),How I AI,ai-llms,2026-02-04,2026-02-04,3999,2,3,topics/ai-llms/How I AI/2026-02-04_anyone-can-cook-how-v0-is-bringing-git-workflows-to-vibe-coding-guillermo-rauch_part-02.md
Yb9IyTOh0xg,Yb9IyTOh0xg,“Anyone can cook”: How v0 is bringing git workflows to vibe-coding | Guillermo Rauch (Vercel CEO),How I AI,ai-llms,2026-02-04,2026-02-04,841,3,3,topics/ai-llms/How I AI/2026-02-04_anyone-can-cook-how-v0-is-bringing-git-workflows-to-vibe-coding-guillermo-rauch_part-03.md
Yb9IyTOh0xg,Yb9IyTOh0xg,"Guillermo Rauch: Vercel CEO on how v0 hit 3,200 PRs merged per day (and lets anyone ship)",How I AI,ai-llms,2026-02-04,2026-03-02,841,3,3,topics/ai-llms/How I AI/2026-02-04_guillermo-rauch-vercel-ceo-on-how-v0-hit-3200-prs-merged-per-day-and-lets-anyone_part-03.md
LvLdNkgO-N0,LvLdNkgO-N0,"The senior engineer's guide to AI coding: Context loading, custom hooks, and automation",How I AI,ai-llms,2026-01-31,2026-01-31,2407,3,3,topics/ai-llms/How I AI/2026-01-31_the-senior-engineers-guide-to-ai-coding-context-loading-custom-hooks-and-automat_part-03.md
LvLdNkgO-N0,LvLdNkgO-N0,"The senior engineer's guide to AI coding: Context loading, custom hooks, and automation",How I AI,ai-llms,2026-01-31,2026-01-31,3998,1,3,topics/ai-llms/How I AI/2026-01-31_the-senior-engineers-guide-to-ai-coding-context-loading-custom-hooks-and-automat_part-01.md
Yb9IyTOh0xg,Yb9IyTOh0xg,"Guillermo Rauch: Vercel CEO on how v0 hit 3,200 PRs merged per day (and lets anyone ship)",How I AI,ai-llms,2026-02-04,2026-03-02,4000,1,3,topics/ai-llms/How I AI/2026-02-04_guillermo-rauch-vercel-ceo-on-how-v0-hit-3200-prs-merged-per-day-and-lets-anyone_part-01.md
Yb9IyTOh0xg,Yb9IyTOh0xg,"Guillermo Rauch: Vercel CEO on how v0 hit 3,200 PRs merged per day (and lets anyone ship)",How I AI,ai-llms,2026-02-04,2026-03-02,3999,2,3,topics/ai-llms/How I AI/2026-02-04_guillermo-rauch-vercel-ceo-on-how-v0-hit-3200-prs-merged-per-day-and-lets-anyone_part-02.md
96Vl8s3EQhk,96Vl8s3EQhk,"5 OpenClaw agents run my home, finances, and code | Jesse Genet",How I AI,ai-llms,2026-02-25,2026-03-02,3997,1,3,topics/ai-llms/How I AI/2026-02-25_5-openclaw-agents-run-my-home-finances-and-code-jesse-genet_part-01.md
96Vl8s3EQhk,96Vl8s3EQhk,"5 OpenClaw agents run my home, finances, and code | Jesse Genet",How I AI,ai-llms,2026-02-25,2026-03-02,2827,3,3,topics/ai-llms/How I AI/2026-02-25_5-openclaw-agents-run-my-home-finances-and-code-jesse-genet_part-03.md
ad-OHmjAU_Y,,"Dump ChatGPT, use Fabric instead",NetworkChuck,ai-llms,2024-06-07,2026-02-02,97,,,topics/ai-llms/NetworkChuck/2024-06-07_dump-chatgpt-use-fabric-instead.md
UbDyjIIGaxQ,,You've been using AI Wrong,NetworkChuck,ai-llms,2024-05-28,2026-02-02,7179,,,topics/ai-llms/NetworkChuck/2024-05-28_youve-been-using-ai-wrong.md
kKGeOE641b0,,"DAX RAAD: Claude Code, OpenCode, AI Agents, and Future of Programming",nunomaduro,ai-llms,2026-01-26,2026-02-02,7368,,,topics/ai-llms/nunomaduro/2026-01-26_dax-raad-claude-code-opencode-ai-agents-and-future-of-programming.md
Ga-7ROJWgek,,Intro to AgentKit - Create a RAG Agent,Alejandro AO,ai-llms,2026-01-31,2026-01-31,2913,,,topics/ai-llms/Alejandro AO/2026-01-31_intro-to-agentkit---create-a-rag-agent.md
HGPTUc7tEq4,,Fine-Tune an Open Source LLM with Claude Code/Codex (Hugging Face Model Trainer Skill),Alejandro AO,ai-llms,2026-02-17,2026-03-02,4285,,,topics/ai-llms/Alejandro AO/2026-02-17_fine-tune-an-open-source-llm-with-claude-codecodex-hugging-face-model-trainer-sk.md
7kdDLp-SOsU,,MedGemma 1.5: Google's Open-Source Medical AI with 3D Imaging (Tutorial),Alejandro AO,ai-llms,2026-01-31,2026-01-31,1903,,,topics/ai-llms/Alejandro AO/2026-01-31_medgemma-15-googles-open-source-medical-ai-with-3d-imaging-tutorial.md
YnIWW88l0mc,,Claude Code: 5 Essentials for Data Engineering,Dustin Vannoy,ai-llms,2026-01-31,2026-01-31,4491,,,topics/ai-llms/Dustin Vannoy/2026-01-31_claude-code-5-essentials-for-data-engineering.md
l_Iy4ZCK1lY,,Claude Cowork Just Changed How You Do Marketing,Grace Leung,ai-llms,2026-02-06,2026-03-02,3142,,,topics/ai-llms/Grace Leung/2026-02-06_claude-cowork-just-changed-how-you-do-marketing.md
X8afcX2s2Mo,,Claude Skills: Build Your First AI Marketing Team in 16 Minutes (Claude Code),Grace Leung,ai-llms,2026-02-21,2026-03-02,3061,,,topics/ai-llms/Grace Leung/2026-02-21_claude-skills-build-your-first-ai-marketing-team-in-16-minutes-claude-code.md
RPd_3-CRyts,,"He got 1,000 SaaS Clients in 12 Months Using 5-Minute Looms (No Sales Calls)",ItsKeaton,ai-llms,2026-01-05,2026-03-02,1806,,,topics/ai-llms/ItsKeaton/2026-01-05_he-got-1000-saas-clients-in-12-months-using-5-minute-looms-no-sales-calls.md
V5A1IU8VVp4,V5A1IU8VVp4,I Studied Stripe's AI Agents... Vibe Coding Is Already Dead,IndyDevDan,ai-llms,2026-03-02,2026-03-02,284,3,3,topics/ai-llms/IndyDevDan/2026-03-02_i-studied-stripes-ai-agents-vibe-coding-is-already-dead_part-03.md
LOazLNQnB80,,Mac Mini Agents: OpenClaw is a NIGHTMARE... Use these SKILLS instead,IndyDevDan,ai-llms,2026-03-09,2026-03-12,5719,,,topics/ai-llms/IndyDevDan/2026-03-09_mac-mini-agents-openclaw-is-a-nightmare-use-these-skills-instead.md
f8cfH5XX-XU,f8cfH5XX-XU,The Pi Coding Agent: The ONLY REAL Claude Code COMPETITOR,IndyDevDan,ai-llms,2026-02-23,2026-03-02,3994,2,3,topics/ai-llms/IndyDevDan/2026-02-23_the-pi-coding-agent-the-only-real-claude-code-competitor_part-02.md
4_2j5wgt_ds,,Claude Code Task System: ANTI-HYPE Agentic Coding (Advanced),IndyDevDan,ai-llms,2026-02-02,2026-03-02,6084,,,topics/ai-llms/IndyDevDan/2026-02-02_claude-code-task-system-anti-hype-agentic-coding-advanced.md
V5A1IU8VVp4,V5A1IU8VVp4,I Studied Stripe's AI Agents... Vibe Coding Is Already Dead,IndyDevDan,ai-llms,2026-03-02,2026-03-02,3996,2,3,topics/ai-llms/IndyDevDan/2026-03-02_i-studied-stripes-ai-agents-vibe-coding-is-already-dead_part-02.md
VqDs46A8pqE,,Claude Code is Amazing... Until It DELETES Production,IndyDevDan,ai-llms,2026-01-31,2026-01-31,4708,,,topics/ai-llms/IndyDevDan/2026-01-31_claude-code-is-amazing-until-it-deletes-production.md
efctPj6bjCY,,My 4-Layer Claude Code Playwright CLI Skill  (Agentic Browser Automation),IndyDevDan,ai-llms,2026-02-16,2026-03-02,6023,,,topics/ai-llms/IndyDevDan/2026-02-16_my-4-layer-claude-code-playwright-cli-skill-agentic-browser-automation.md
f8cfH5XX-XU,f8cfH5XX-XU,The Pi Coding Agent: The ONLY REAL Claude Code COMPETITOR,IndyDevDan,ai-llms,2026-02-23,2026-03-02,3424,3,3,topics/ai-llms/IndyDevDan/2026-02-23_the-pi-coding-agent-the-only-real-claude-code-competitor_part-03.md
f8cfH5XX-XU,f8cfH5XX-XU,The Pi Coding Agent: The ONLY REAL Claude Code COMPETITOR,IndyDevDan,ai-llms,2026-02-23,2026-03-02,3996,1,3,topics/ai-llms/IndyDevDan/2026-02-23_the-pi-coding-agent-the-only-real-claude-code-competitor_part-01.md
efctPj6bjCY,,"My 4-Layer Agentic Browser Automation Stack (Skill, Subagent, Prompt, ????)",IndyDevDan,ai-llms,2026-02-16,2026-02-19,6023,,,topics/ai-llms/IndyDevDan/2026-02-16_my-4-layer-agentic-browser-automation-stack-skill-subagent-prompt.md
RpUTF_U4kiw,,"Claude Code Multi-Agent Orchestration with Opus 4.6, Tmux and Agent Sandboxes",IndyDevDan,ai-llms,2026-02-09,2026-03-02,5384,,,topics/ai-llms/IndyDevDan/2026-02-09_claude-code-multi-agent-orchestration-with-opus-46-tmux-and-agent-sandboxes.md
V5A1IU8VVp4,V5A1IU8VVp4,I Studied Stripe's AI Agents... Vibe Coding Is Already Dead,IndyDevDan,ai-llms,2026-03-02,2026-03-02,3998,1,3,topics/ai-llms/IndyDevDan/2026-03-02_i-studied-stripes-ai-agents-vibe-coding-is-already-dead_part-01.md
u5GkG71PkR0,,The Claude Code Feature Senior Engineers KEEP MISSING,IndyDevDan,ai-llms,2026-01-31,2026-01-31,5823,,,topics/ai-llms/IndyDevDan/2026-01-31_the-claude-code-feature-senior-engineers-keep-missing.md
Kf7ejOtl5KU,,Claude Code just replaced your ad agency - here's how,Agrici Daniel,ai-llms,2026-02-12,2026-03-02,2788,,,topics/ai-llms/Agrici Daniel/2026-02-12_claude-code-just-replaced-your-ad-agency---heres-how.md
AeLC4iutG8w,,Claude Code just replaced your blog writer - AI slop is OVER,Agrici Daniel,ai-llms,2026-02-24,2026-03-02,2262,,,topics/ai-llms/Agrici Daniel/2026-02-24_claude-code-just-replaced-your-blog-writer---ai-slop-is-over.md
g1GbmCr9MSc,,Agentic AI in Trading: The Evolution of Trading Bots with Irene Aldridge,Quantopian,ai-llms,2026-02-20,2026-03-02,7515,,,topics/ai-llms/Quantopian/2026-02-20_agentic-ai-in-trading-the-evolution-of-trading-bots-with-irene-aldridge.md
xHnlzAPD9QI,,Automate tasks with the Codex app,OpenAI,ai-llms,2026-02-03,2026-03-02,1011,,,topics/ai-llms/OpenAI/2026-02-03_automate-tasks-with-the-codex-app.md
wJ4i_wRctq8,,The US Iran Conflict Will Make Smart Investors Rich (Here's How),Ticker Symbol: YOU,ai-llms,2026-03-01,2026-03-02,3098,,,topics/ai-llms/Ticker Symbol: YOU/2026-03-01_the-us-iran-conflict-will-make-smart-investors-rich-heres-how.md
zgxorh9LhiE,,I Tried Every AI Coding Agent... Here's My 2026 Setup,Your Average Tech Bro,ai-llms,2026-01-28,2026-03-02,5100,,,topics/ai-llms/Your Average Tech Bro/2026-01-28_i-tried-every-ai-coding-agent-heres-my-2026-setup.md
BX2PxxM15Zc,,Testing Claude in Excel: Building a Three-Statement Financial Model,Corporate Finance Institute,ai-llms,2026-02-07,2026-03-02,3470,,,topics/ai-llms/Corporate Finance Institute/2026-02-07_testing-claude-in-excel-building-a-three-statement-financial-model.md
ZlDnsf_DOzg,,Every Claude Code Concept Explained for Normal People,Simon Scrapes,ai-llms,2026-02-28,2026-03-02,6152,,,topics/ai-llms/Simon Scrapes/2026-02-28_every-claude-code-concept-explained-for-normal-people.md
Mi0CXzeLDEY,,How to use your MIND when you pray,Pastor Poju Oyemade,faith,2023-03-24,2026-02-02,2819,,,topics/faith/Pastor Poju Oyemade/2023-03-24_how-to-use-your-mind-when-you-pray.md
67uoooVOxnI,,"The Knowledge Of Jesus | Dr Mensa Otabil | COZA 12DG 2026 Day 5, Morning Session | 06-01-2026",Biodun Fatoyinbo,faith,2026-01-31,2026-01-31,5764,,,topics/faith/Biodun Fatoyinbo/2026-01-31_the-knowledge-of-jesus-dr-mensa-otabil-coza-12dg-2026-day-5-morning-session-06-0.md
9NxMbmNL-kI,,SUCCESS DOESN'T COME BY CHANCE || DR. MYLES MUNROE,Munroe Recaps ,faith,2026-01-09,2026-03-02,2032,,,topics/faith/Munroe Recaps /2026-01-09_success-doesnt-come-by-chance-dr-myles-munroe.md
hy5k6tURFeo,hy5k6tURFeo,The Bubble Most Will Get Wrong | Aswath Damodaran on How He Is Investing in a World of AI,Excess Returns,finance-investing,2026-01-31,2026-01-31,3999,1,4,topics/finance-investing/Excess Returns/2026-01-31_the-bubble-most-will-get-wrong-aswath-damodaran-on-how-he-is-investing-in-a-worl_part-01.md
hy5k6tURFeo,hy5k6tURFeo,The Bubble Most Will Get Wrong | Aswath Damodaran on How He Is Investing in a World of AI,Excess Returns,finance-investing,2026-01-31,2026-01-31,4000,3,4,topics/finance-investing/Excess Returns/2026-01-31_the-bubble-most-will-get-wrong-aswath-damodaran-on-how-he-is-investing-in-a-worl_part-03.md
hy5k6tURFeo,hy5k6tURFeo,The Bubble Most Will Get Wrong | Aswath Damodaran on How He Is Investing in a World of AI,Excess Returns,finance-investing,2026-01-31,2026-01-31,44,4,4,topics/finance-investing/Excess Returns/2026-01-31_the-bubble-most-will-get-wrong-aswath-damodaran-on-how-he-is-investing-in-a-worl_part-04.md
hy5k6tURFeo,hy5k6tURFeo,The Bubble Most Will Get Wrong | Aswath Damodaran on How He Is Investing in a World of AI,Excess Returns,finance-investing,2026-01-31,2026-01-31,3997,2,4,topics/finance-investing/Excess Returns/2026-01-31_the-bubble-most-will-get-wrong-aswath-damodaran-on-how-he-is-investing-in-a-worl_part-02.md
rZQJa1pOzEo,,Why Compounding Feels Slow (And How I Fixed It),Paycheck To Portfolio,finance-investing,2026-01-31,2026-02-02,4209,,,topics/finance-investing/Paycheck To Portfolio/2026-01-31_why-compounding-feels-slow-and-how-i-fixed-it.md
9FvcaLkoaG0,9FvcaLkoaG0,Why I Don’t Judge My Income ETFs By Price (And Neither Should You),Paycheck To Portfolio,finance-investing,2026-02-28,2026-03-10,3994,2,3,topics/finance-investing/Paycheck To Portfolio/2026-02-28_why-i-dont-judge-my-income-etfs-by-price-and-neither-should-you_part-02.md
9FvcaLkoaG0,9FvcaLkoaG0,Why I Don’t Judge My Income ETFs By Price (And Neither Should You),Paycheck To Portfolio,finance-investing,2026-02-28,2026-03-10,3997,1,3,topics/finance-investing/Paycheck To Portfolio/2026-02-28_why-i-dont-judge-my-income-etfs-by-price-and-neither-should-you_part-01.md
9FvcaLkoaG0,9FvcaLkoaG0,Why I Don’t Judge My Income ETFs By Price (And Neither Should You),Paycheck To Portfolio,finance-investing,2026-02-28,2026-03-10,2641,3,3,topics/finance-investing/Paycheck To Portfolio/2026-02-28_why-i-dont-judge-my-income-etfs-by-price-and-neither-should-you_part-03.md
YJoLVaENI8U,,What a Market Pullback Actually Did to My System (With Real Numbers),Paycheck To Portfolio,finance-investing,2026-02-07,2026-03-02,3418,,,topics/finance-investing/Paycheck To Portfolio/2026-02-07_what-a-market-pullback-actually-did-to-my-system-with-real-numbers.md
3DO2jze545g,,🚨CONFIRMED: Best Order to Invest Now (Invest in these First! ..then invest here to REALLY grow),Investing Simplified - Professor G,finance-investing,2026-01-31,2026-02-02,3942,,,topics/finance-investing/Investing Simplified - Professor G/2026-01-31_confirmed-best-order-to-invest-now-invest-in-these-first-then-invest-here-to-rea.md
GgQvi_RB1kQ,,A Weak Dollar Is Coming… Smart Investors Are Doing THIS,Investing Simplified - Professor G,finance-investing,2026-02-21,2026-03-02,1993,,,topics/finance-investing/Investing Simplified - Professor G/2026-02-21_a-weak-dollar-is-coming-smart-investors-are-doing-this.md
2ehTz4A5yJQ,,Visualizing the Business Cycle,Benjamin Cowen,finance-investing,2026-02-22,2026-03-02,5925,,,topics/finance-investing/Benjamin Cowen/2026-02-22_visualizing-the-business-cycle.md
0vLeHFO7-HE,,The Markets will Never Be the Same - AI Takeover,Heresy Financial,finance-investing,2026-02-26,2026-03-02,4057,,,topics/finance-investing/Heresy Financial/2026-02-26_the-markets-will-never-be-the-same---ai-takeover.md
pPk9zHhP0ug,,Trump's 15% Tariffs Will Make Millionaires in 2026 (Here's How),Ticker Symbol: YOU,finance-investing,2026-02-22,2026-03-02,2577,,,topics/finance-investing/Ticker Symbol: YOU/2026-02-22_trumps-15-tariffs-will-make-millionaires-in-2026-heres-how.md
te3W5UHierw,,A One In A Lifetime Crash Is Coming (3 Warning Signs),Ticker Symbol: YOU,finance-investing,2026-01-31,2026-03-02,3267,,,topics/finance-investing/Ticker Symbol: YOU/2026-01-31_a-one-in-a-lifetime-crash-is-coming-3-warning-signs.md
z6mgrQCg1NM,,Why Context Beats Every Prompt You'll Ever Write,AI Native Dev,software-engineering,2026-02-17,2026-03-02,6388,,,topics/software-engineering/AI Native Dev/2026-02-17_why-context-beats-every-prompt-youll-ever-write.md
3NzCBIcIqD0,,10 CLI Tools I'm using alongside Claude Code | Starmorph AI,StarMorph AI,software-engineering,2026-02-22,2026-03-02,1793,,,topics/software-engineering/StarMorph AI/2026-02-22_10-cli-tools-im-using-alongside-claude-code-starmorph-ai.md
HqlJjX9uIuk,HqlJjX9uIuk,Build a Complete Next.js 14 App (Auth + Prisma + Realtime + Image Upload) — Full Course,Eric Tech,software-engineering,2026-01-31,2026-01-31,3990,5,24,topics/software-engineering/Eric Tech/2026-01-31_build-a-complete-nextjs-14-app-auth-prisma-realtime-image-upload-full-course_part-05.md
HqlJjX9uIuk,HqlJjX9uIuk,Build a Complete Next.js 14 App (Auth + Prisma + Realtime + Image Upload) — Full Course,Eric Tech,software-engineering,2026-01-31,2026-01-31,3996,15,24,topics/software-engineering/Eric Tech/2026-01-31_build-a-complete-nextjs-14-app-auth-prisma-realtime-image-upload-full-course_part-15.md
HqlJjX9uIuk,HqlJjX9uIuk,Build a Complete Next.js 14 App (Auth + Prisma + Realtime + Image Upload) — Full Course,Eric Tech,software-engineering,2026-01-31,2026-01-31,3997,8,24,topics/software-engineering/Eric Tech/2026-01-31_build-a-complete-nextjs-14-app-auth-prisma-realtime-image-upload-full-course_part-08.md
HqlJjX9uIuk,HqlJjX9uIuk,Build a Complete Next.js 14 App (Auth + Prisma + Realtime + Image Upload) — Full Course,Eric Tech,software-engineering,2026-01-31,2026-01-31,3994,3,24,topics/software-engineering/Eric Tech/2026-01-31_build-a-complete-nextjs-14-app-auth-prisma-realtime-image-upload-full-course_part-03.md
HqlJjX9uIuk,HqlJjX9uIuk,Build a Complete Next.js 14 App (Auth + Prisma + Realtime + Image Upload) — Full Course,Eric Tech,software-engineering,2026-01-31,2026-01-31,4000,13,24,topics/software-engineering/Eric Tech/2026-01-31_build-a-complete-nextjs-14-app-auth-prisma-realtime-image-upload-full-course_part-13.md
HqlJjX9uIuk,HqlJjX9uIuk,Build a Complete Next.js 14 App (Auth + Prisma + Realtime + Image Upload) — Full Course,Eric Tech,software-engineering,2026-01-31,2026-01-31,4000,21,24,topics/software-engineering/Eric Tech/2026-01-31_build-a-complete-nextjs-14-app-auth-prisma-realtime-image-upload-full-course_part-21.md
HqlJjX9uIuk,HqlJjX9uIuk,Build a Complete Next.js 14 App (Auth + Prisma + Realtime + Image Upload) — Full Course,Eric Tech,software-engineering,2026-01-31,2026-01-31,3998,1,24,topics/software-engineering/Eric Tech/2026-01-31_build-a-complete-nextjs-14-app-auth-prisma-realtime-image-upload-full-course_part-01.md
HqlJjX9uIuk,HqlJjX9uIuk,Build a Complete Next.js 14 App (Auth + Prisma + Realtime + Image Upload) — Full Course,Eric Tech,software-engineering,2026-01-31,2026-01-31,806,24,24,topics/software-engineering/Eric Tech/2026-01-31_build-a-complete-nextjs-14-app-auth-prisma-realtime-image-upload-full-course_part-24.md
l94A53kIUB0,,Forget Ralph Loops: The New GSD Framework for Claude Code,Eric Tech,software-engineering,2026-01-31,2026-01-31,4950,,,topics/software-engineering/Eric Tech/2026-01-31_forget-ralph-loops-the-new-gsd-framework-for-claude-code.md
HqlJjX9uIuk,HqlJjX9uIuk,Build a Complete Next.js 14 App (Auth + Prisma + Realtime + Image Upload) — Full Course,Eric Tech,software-engineering,2026-01-31,2026-01-31,4000,4,24,topics/software-engineering/Eric Tech/2026-01-31_build-a-complete-nextjs-14-app-auth-prisma-realtime-image-upload-full-course_part-04.md
HqlJjX9uIuk,HqlJjX9uIuk,Build a Complete Next.js 14 App (Auth + Prisma + Realtime + Image Upload) — Full Course,Eric Tech,software-engineering,2026-01-31,2026-01-31,4000,22,24,topics/software-engineering/Eric Tech/2026-01-31_build-a-complete-nextjs-14-app-auth-prisma-realtime-image-upload-full-course_part-22.md
HqlJjX9uIuk,HqlJjX9uIuk,Build a Complete Next.js 14 App (Auth + Prisma + Realtime + Image Upload) — Full Course,Eric Tech,software-engineering,2026-01-31,2026-01-31,4000,9,24,topics/software-engineering/Eric Tech/2026-01-31_build-a-complete-nextjs-14-app-auth-prisma-realtime-image-upload-full-course_part-09.md
HqlJjX9uIuk,HqlJjX9uIuk,Build a Complete Next.js 14 App (Auth + Prisma + Realtime + Image Upload) — Full Course,Eric Tech,software-engineering,2026-01-31,2026-01-31,3997,2,24,topics/software-engineering/Eric Tech/2026-01-31_build-a-complete-nextjs-14-app-auth-prisma-realtime-image-upload-full-course_part-02.md
HqlJjX9uIuk,HqlJjX9uIuk,Build a Complete Next.js 14 App (Auth + Prisma + Realtime + Image Upload) — Full Course,Eric Tech,software-engineering,2026-01-31,2026-01-31,3996,20,24,topics/software-engineering/Eric Tech/2026-01-31_build-a-complete-nextjs-14-app-auth-prisma-realtime-image-upload-full-course_part-20.md
HqlJjX9uIuk,HqlJjX9uIuk,Build a Complete Next.js 14 App (Auth + Prisma + Realtime + Image Upload) — Full Course,Eric Tech,software-engineering,2026-01-31,2026-01-31,3998,16,24,topics/software-engineering/Eric Tech/2026-01-31_build-a-complete-nextjs-14-app-auth-prisma-realtime-image-upload-full-course_part-16.md
HqlJjX9uIuk,HqlJjX9uIuk,Build a Complete Next.js 14 App (Auth + Prisma + Realtime + Image Upload) — Full Course,Eric Tech,software-engineering,2026-01-31,2026-01-31,3998,6,24,topics/software-engineering/Eric Tech/2026-01-31_build-a-complete-nextjs-14-app-auth-prisma-realtime-image-upload-full-course_part-06.md
HqlJjX9uIuk,HqlJjX9uIuk,Build a Complete Next.js 14 App (Auth + Prisma + Realtime + Image Upload) — Full Course,Eric Tech,software-engineering,2026-01-31,2026-01-31,3999,23,24,topics/software-engineering/Eric Tech/2026-01-31_build-a-complete-nextjs-14-app-auth-prisma-realtime-image-upload-full-course_part-23.md
HqlJjX9uIuk,HqlJjX9uIuk,Build a Complete Next.js 14 App (Auth + Prisma + Realtime + Image Upload) — Full Course,Eric Tech,software-engineering,2026-01-31,2026-01-31,3996,14,24,topics/software-engineering/Eric Tech/2026-01-31_build-a-complete-nextjs-14-app-auth-prisma-realtime-image-upload-full-course_part-14.md
HqlJjX9uIuk,HqlJjX9uIuk,Build a Complete Next.js 14 App (Auth + Prisma + Realtime + Image Upload) — Full Course,Eric Tech,software-engineering,2026-01-31,2026-01-31,4000,7,24,topics/software-engineering/Eric Tech/2026-01-31_build-a-complete-nextjs-14-app-auth-prisma-realtime-image-upload-full-course_part-07.md
HqlJjX9uIuk,HqlJjX9uIuk,Build a Complete Next.js 14 App (Auth + Prisma + Realtime + Image Upload) — Full Course,Eric Tech,software-engineering,2026-01-31,2026-01-31,3995,11,24,topics/software-engineering/Eric Tech/2026-01-31_build-a-complete-nextjs-14-app-auth-prisma-realtime-image-upload-full-course_part-11.md
HqlJjX9uIuk,HqlJjX9uIuk,Build a Complete Next.js 14 App (Auth + Prisma + Realtime + Image Upload) — Full Course,Eric Tech,software-engineering,2026-01-31,2026-01-31,3999,19,24,topics/software-engineering/Eric Tech/2026-01-31_build-a-complete-nextjs-14-app-auth-prisma-realtime-image-upload-full-course_part-19.md
HqlJjX9uIuk,HqlJjX9uIuk,Build a Complete Next.js 14 App (Auth + Prisma + Realtime + Image Upload) — Full Course,Eric Tech,software-engineering,2026-01-31,2026-01-31,3997,18,24,topics/software-engineering/Eric Tech/2026-01-31_build-a-complete-nextjs-14-app-auth-prisma-realtime-image-upload-full-course_part-18.md
HqlJjX9uIuk,HqlJjX9uIuk,Build a Complete Next.js 14 App (Auth + Prisma + Realtime + Image Upload) — Full Course,Eric Tech,software-engineering,2026-01-31,2026-01-31,3998,12,24,topics/software-engineering/Eric Tech/2026-01-31_build-a-complete-nextjs-14-app-auth-prisma-realtime-image-upload-full-course_part-12.md
HqlJjX9uIuk,HqlJjX9uIuk,Build a Complete Next.js 14 App (Auth + Prisma + Realtime + Image Upload) — Full Course,Eric Tech,software-engineering,2026-01-31,2026-01-31,3999,10,24,topics/software-engineering/Eric Tech/2026-01-31_build-a-complete-nextjs-14-app-auth-prisma-realtime-image-upload-full-course_part-10.md
HqlJjX9uIuk,HqlJjX9uIuk,Build a Complete Next.js 14 App (Auth + Prisma + Realtime + Image Upload) — Full Course,Eric Tech,software-engineering,2026-01-31,2026-01-31,3993,17,24,topics/software-engineering/Eric Tech/2026-01-31_build-a-complete-nextjs-14-app-auth-prisma-realtime-image-upload-full-course_part-17.md
mZzhfPle9QU,mZzhfPle9QU,How I use Claude Code (Meta Staff Engineer Tips),John Kim,software-engineering,2026-02-07,2026-03-02,4000,1,3,topics/software-engineering/John Kim/2026-02-07_how-i-use-claude-code-meta-staff-engineer-tips_part-01.md
mZzhfPle9QU,mZzhfPle9QU,How I use Claude Code (Meta Staff Engineer Tips),John Kim,software-engineering,2026-02-07,2026-03-02,3995,2,3,topics/software-engineering/John Kim/2026-02-07_how-i-use-claude-code-meta-staff-engineer-tips_part-02.md
mZzhfPle9QU,mZzhfPle9QU,How I use Claude Code (Meta Staff Engineer Tips),John Kim,software-engineering,2026-02-07,2026-03-02,793,3,3,topics/software-engineering/John Kim/2026-02-07_how-i-use-claude-code-meta-staff-engineer-tips_part-03.md
IHDJkJpYC90,,My Beginner's Guide to YouTube Analytics (everything you need in 12 minutes),Nate Black,software-engineering,2026-01-31,2026-01-31,2559,,,topics/software-engineering/Nate Black/2026-01-31_my-beginners-guide-to-youtube-analytics-everything-you-need-in-12-minutes.md
ueTe-VQaD7c,,My Production Dockerfile Rules: How I Build Docker Images,DevOps & AI Toolkit,software-engineering,2026-01-22,2026-03-02,2590,,,topics/software-engineering/DevOps & AI Toolkit/2026-01-22_my-production-dockerfile-rules-how-i-build-docker-images.md
ts0nH_pSAdM,,How Replacing Developers With AI is Going Horribly Wrong,Economy Media,software-engineering,2026-01-29,2026-02-02,1581,,,topics/software-engineering/Economy Media/2026-01-29_how-replacing-developers-with-ai-is-going-horribly-wrong.md
uC44zFz7JSM,,Your codebase is NOT ready for AI (here's how to fix it),Matt Pocock,software-engineering,2026-02-26,2026-03-02,2013,,,topics/software-engineering/Matt Pocock/2026-02-26_your-codebase-is-not-ready-for-ai-heres-how-to-fix-it.md
t78-JUnTK5Q,,This Sandbox Tool Makes Claude Code Unstoppable (Code On Incus),Better Stack,software-engineering,2026-02-08,2026-03-02,1808,,,topics/software-engineering/Better Stack/2026-02-08_this-sandbox-tool-makes-claude-code-unstoppable-code-on-incus.md
B1CQfL8d_lY,,How Claude Code Changed My Life Path,TÂCHES TEACHES,software-engineering,2026-01-31,2026-01-31,3523,,,topics/software-engineering/TÂCHES TEACHES/2026-01-31_how-claude-code-changed-my-life-path.md
VPeTgU7la34,,7 Modern UI Layouts from 50 Top Software Companies (+ Free Figma File),Kole Jain,software-engineering,2025-02-11,2026-03-02,1468,,,topics/software-engineering/Kole Jain/2025-02-11_7-modern-ui-layouts-from-50-top-software-companies-free-figma-file.md
PDcQJOPby1k,,5 SaaS UI/UX mistakes that SCREAM you Vibe Code,Kole Jain,software-engineering,2026-02-12,2026-03-02,1409,,,topics/software-engineering/Kole Jain/2026-02-12_5-saas-uiux-mistakes-that-scream-you-vibe-code.md
PJnCPqPheX0,,Watch Before Your Church Buys a Camera in 2026 [Video + Live Stream],Brady Shearer,software-engineering,2026-02-17,2026-03-02,2109,,,topics/software-engineering/Brady Shearer/2026-02-17_watch-before-your-church-buys-a-camera-in-2026-video-live-stream.md
2g6hbhclpKo,,YouTube Analytics Explained — 2026 Beginner’s Guide (What Really Matters),Rob the Maritimer,software-engineering,2026-01-31,2026-01-31,5426,,,topics/software-engineering/Rob the Maritimer/2026-01-31_youtube-analytics-explained-2026-beginners-guide-what-really-matters.md
e3EhJJlWwws,,This FREE AI Tool Auto-Generates Gridfinity Bins!,CNC Kitchen,software-engineering,2025-08-30,2026-03-02,2570,,,topics/software-engineering/CNC Kitchen/2025-08-30_this-free-ai-tool-auto-generates-gridfinity-bins.md
3_mwKbYvbUg,,One Prompt Every AGENTIC Codebase Should Have (For Engineering Teams),IndyDevDan,software-engineering,2026-01-31,2026-01-31,4599,,,topics/software-engineering/IndyDevDan/2026-01-31_one-prompt-every-agentic-codebase-should-have-for-engineering-teams.md
f2mGqlLLqok,,The Psychology of Premium Websites,Sam Crawford | Squarespace Expert,software-engineering,2026-02-15,2026-03-02,1333,,,topics/software-engineering/Sam Crawford | Squarespace Expert/2026-02-15_the-psychology-of-premium-websites.md
pAIF7vZm5k0,,Agent memory resolved?,AI Jason,business,2026-02-18,2026-03-02,3089,,,topics/business/AI Jason/2026-02-18_agent-memory-resolved.md
hSpem_oGAf0,,How McKinsey Plans to Survive AI (and Reinvent Consulting),Harvard Business Review,business,2026-02-09,2026-03-02,5782,,,topics/business/Harvard Business Review/2026-02-09_how-mckinsey-plans-to-survive-ai-and-reinvent-consulting.md
67zh8_yiPh4,,I Built 3 SaaS Apps to $200K MRR: Here's My Exact Playbook,Starter Story,business,2025-11-02,2026-03-02,2894,,,topics/business/Starter Story/2025-11-02_i-built-3-saas-apps-to-200k-mrr-heres-my-exact-playbook.md
UBsV1vHu7rY,,The 3 Mistakes People Make in Hard Conversations (and How to Avoid Them),EntreLeadership,business,2026-02-02,2026-03-02,3080,,,topics/business/EntreLeadership/2026-02-02_the-3-mistakes-people-make-in-hard-conversations-and-how-to-avoid-them.md
5x1t9JkCNOM,,The Simple Strategy Dave Uses to Motivate His Team,EntreLeadership,business,2026-01-31,2026-01-31,6355,,,topics/business/EntreLeadership/2026-01-31_the-simple-strategy-dave-uses-to-motivate-his-team.md
6pP8x8sXoaM,6pP8x8sXoaM,The Great Transition,Unsupervised Learning,business,2026-02-28,2026-03-02,3994,2,4,topics/business/Unsupervised Learning/2026-02-28_the-great-transition_part-02.md
6pP8x8sXoaM,6pP8x8sXoaM,The Great Transition,Unsupervised Learning,business,2026-02-28,2026-03-02,3996,1,4,topics/business/Unsupervised Learning/2026-02-28_the-great-transition_part-01.md
6pP8x8sXoaM,6pP8x8sXoaM,The Great Transition,Unsupervised Learning,business,2026-02-28,2026-03-02,1931,4,4,topics/business/Unsupervised Learning/2026-02-28_the-great-transition_part-04.md
6pP8x8sXoaM,6pP8x8sXoaM,The Great Transition,Unsupervised Learning,business,2026-02-28,2026-03-02,3998,3,4,topics/business/Unsupervised Learning/2026-02-28_the-great-transition_part-03.md
9BwpcO-0LuI,,Understand Business Metrics for Data Analysts (Most Get This Wrong),Christine Jiang,business,2026-01-29,2026-03-02,2582,,,topics/business/Christine Jiang/2026-01-29_understand-business-metrics-for-data-analysts-most-get-this-wrong.md
kTMQJDHpV_k,,The Startup Finance Stack I Use as a Founder (2026),Efficient App (Alex & Andra),business,2026-01-31,2026-01-31,2205,,,topics/business/Efficient App (Alex & Andra)/2026-01-31_the-startup-finance-stack-i-use-as-a-founder-2026.md
3j85WQbvz0A,,How Does Private Equity Actually Work,Alux.com,business,2025-03-28,2026-03-02,2530,,,topics/business/Alux.com/2025-03-28_how-does-private-equity-actually-work.md
DcUyzZ25-Hc,,6 Tiny Habits That Save Me 15 Hours A Week In My Business,Layla at ProcessDriven,business,2026-02-24,2026-03-02,2403,,,topics/business/Layla at ProcessDriven/2026-02-24_6-tiny-habits-that-save-me-15-hours-a-week-in-my-business.md
uUN1oy2PRHo,,How to create JOBS for OpenClaw agents,Brian Casel,business,2026-02-25,2026-03-10,4349,,,topics/business/Brian Casel/2026-02-25_how-to-create-jobs-for-openclaw-agents.md
cX7ttppv7Ec,cX7ttppv7Ec,Building Hobby Lobby's Legacy—One Leader at a Time | Mart Green,Craig Groeschel,business,2026-01-31,2026-01-31,3995,2,4,topics/business/Craig Groeschel/2026-01-31_building-hobby-lobbys-legacyone-leader-at-a-time-mart-green_part-02.md
cX7ttppv7Ec,cX7ttppv7Ec,Building Hobby Lobby's Legacy—One Leader at a Time | Mart Green,Craig Groeschel,business,2026-01-31,2026-01-31,3995,1,4,topics/business/Craig Groeschel/2026-01-31_building-hobby-lobbys-legacyone-leader-at-a-time-mart-green_part-01.md
cX7ttppv7Ec,cX7ttppv7Ec,Building Hobby Lobby's Legacy—One Leader at a Time | Mart Green,Craig Groeschel,business,2026-01-31,2026-01-31,3997,3,4,topics/business/Craig Groeschel/2026-01-31_building-hobby-lobbys-legacyone-leader-at-a-time-mart-green_part-03.md
cX7ttppv7Ec,cX7ttppv7Ec,Building Hobby Lobby's Legacy—One Leader at a Time | Mart Green,Craig Groeschel,business,2026-01-31,2026-01-31,1189,4,4,topics/business/Craig Groeschel/2026-01-31_building-hobby-lobbys-legacyone-leader-at-a-time-mart-green_part-04.md
LpNODHhn-60,,How To Make Time For Everything (Seriously),Leila Hormozi,business,2026-02-06,2026-02-23,6210,,,topics/business/Leila Hormozi/2026-02-06_how-to-make-time-for-everything-seriously.md
LpNODHhn-60,,You're Procrastinating 80% of Your Time (Here's How I Fixed It),Leila Hormozi,business,2026-02-06,2026-03-02,6210,,,topics/business/Leila Hormozi/2026-02-06_youre-procrastinating-80-of-your-time-heres-how-i-fixed-it.md
27j9at9briI,,How to Discern God Opportunities vs Business Traps,GOSHEN,business,2026-02-07,2026-03-02,3087,,,topics/business/GOSHEN/2026-02-07_how-to-discern-god-opportunities-vs-business-traps.md
WVCIrJ0p6bs,,"184. SMART Goals, Real Accountability - Millennial Dentist Podcast",3D Dentists,business,2026-02-10,2026-03-02,3495,,,topics/business/3D Dentists/2026-02-10_184-smart-goals-real-accountability---millennial-dentist-podcast.md
2bQqW7PMYXM,,"182. Managing Demand, Staffing Shortages & Holding the Line",3D Dentists,business,2026-01-31,2026-01-31,5525,,,topics/business/3D Dentists/2026-01-31_182-managing-demand-staffing-shortages-holding-the-line.md
ZV_e6BwvHeI,,WHY MANY FAILED IN BUSINESS || DR. MYLES MUNROE,Munroe Recaps ,business,2025-11-10,2026-03-02,1677,,,topics/business/Munroe Recaps /2025-11-10_why-many-failed-in-business-dr-myles-munroe.md
B_CCzQAixxg,,Turn Your Old Mac Mini Into a Home Media & File Server!,GigabyteLabs,hardware-homelab,2026-01-31,2026-01-31,2737,,,topics/hardware-homelab/GigabyteLabs/2026-01-31_turn-your-old-mac-mini-into-a-home-media-file-server.md
fooZAZsBmpg,,How to Set Up OpenClaw (Clawdbot) Without Getting Hacked: Isolation + Least Privilege + Firewall,ZioSec,hardware-homelab,2026-01-30,2026-03-02,1003,,,topics/hardware-homelab/ZioSec/2026-01-30_how-to-set-up-openclaw-clawdbot-without-getting-hacked-isolation-least-privilege.md
uGyY2PFN8o0,,M4 Mac mini - The Perfect Home Server!,Stephen Robles,hardware-homelab,2026-01-31,2026-01-31,3001,,,topics/hardware-homelab/Stephen Robles/2026-01-31_m4-mac-mini---the-perfect-home-server.md
w59QWE1CzMg,,My Mac Is A Home Server Now And Yours Can Be One Too,Jimmy Tries World,hardware-homelab,2026-01-24,2026-02-27,6035,,,topics/hardware-homelab/Jimmy Tries World/2026-01-24_my-mac-is-a-home-server-now-and-yours-can-be-one-too.md
FEDiAHzS0zw,,Claude Code on your phone in 10 minutes,NetworkChuck,hardware-homelab,2026-01-31,2026-01-31,2093,,,topics/hardware-homelab/NetworkChuck/2026-01-31_claude-code-on-your-phone-in-10-minutes.md
cT22fTzotYc,,FREE Phone Calls with Claude Code,NetworkChuck,hardware-homelab,2026-01-23,2026-03-02,4601,,,topics/hardware-homelab/NetworkChuck/2026-01-23_free-phone-calls-with-claude-code.md
8AKn-zJMIwY,,Why Owning Nothing Is So Expensive,Business Insider,hardware-homelab,2026-01-24,2026-03-02,3705,,,topics/hardware-homelab/Business Insider/2026-01-24_why-owning-nothing-is-so-expensive.md
